{
  "type": "GaussianNB_S2S_v1",
  "classes": [
    "DAILY_LIVING",
    "LOCOMOTION"
  ],
  "priors": {
    "DAILY_LIVING": 0.1920257663260773,
    "LOCOMOTION": 0.8079742336739227
  },
  "means": {
    "DAILY_LIVING": [
      0.1032870966761613,
      0.42590049161364907,
      0.5602718334297292,
      0.0926076730287233
    ],
    "LOCOMOTION": [
      0.34537415421620593,
      0.4097423092783497,
      0.5484632302405503,
      0.08466666666667076
    ]
  },
  "stds": {
    "DAILY_LIVING": [
      0.0947013506302507,
      0.10231608244786394,
      0.06322071602089317,
      0.08491041251541964
    ],
    "LOCOMOTION": [
      0.21462988917027354,
      0.08888232077457817,
      0.06631862802119372,
      1e-06
    ]
  },
  "features": [
    "log_jerk/4",
    "coupling_norm",
    "score/100",
    "duration/30"
  ]
}