{
  "A_real_only": 0.06374755471096623,
  "B_fills_20pct": 0.049088430634415536,
  "B_fills_50pct": 0.06152156668857612,
  "B_fills_100pct": 0.05035218217755389
}