{
  "layout laundry": {
    "n_examples": 36,
    "avg_smoothness": 0.011,
    "best_smoothness": 0.024,
    "best_window_features": [
      10.033034324645996,
      10.03287410736084,
      36.09315490722656,
      0.0,
      0.0,
      255.5658721923828,
      618.3624267578125,
      7.0,
      6.5,
      4.0,
      -0.11977788060903549,
      0.7310240268707275,
      2.2907426357269287
    ],
    "predicted_motion": {
      "pos_x": -0.0381,
      "pos_y": 0.019,
      "pos_z": -0.0687,
      "vel_x": -0.089,
      "vel_y": 0.3108,
      "vel_z": -0.1332,
      "jerk_rms": 313.389,
      "smoothness": 0.0238,
      "speed": 1.2868
    },
    "top10_smoothness": [
      0.024,
      0.023,
      0.022,
      0.02,
      0.02,
      0.019,
      0.017,
      0.016,
      0.016,
      0.015
    ]
  },
  "object search": {
    "n_examples": 99,
    "avg_smoothness": 0.013,
    "best_smoothness": 0.03,
    "best_window_features": [
      5.676114082336426,
      5.675192832946777,
      26.872371673583984,
      0.0,
      0.0,
      127.29196166992188,
      216.91627502441406,
      6.0,
      7.0,
      3.0,
      -0.25471600890159607,
      0.44270482659339905,
      1.9755926132202148
    ],
    "predicted_motion": {
      "pos_x": -0.0828,
      "pos_y": 0.0535,
      "pos_z": 0.1641,
      "vel_x": -0.1288,
      "vel_y": 0.4085,
      "vel_z": 0.089,
      "jerk_rms": 219.3118,
      "smoothness": 0.0302,
      "speed": 1.0663
    },
    "top10_smoothness": [
      0.03,
      0.023,
      0.022,
      0.022,
      0.022,
      0.022,
      0.022,
      0.021,
      0.021,
      0.021
    ]
  },
  "create tower": {
    "n_examples": 108,
    "avg_smoothness": 0.013,
    "best_smoothness": 0.027,
    "best_window_features": [
      8.68618392944336,
      8.68181037902832,
      27.28868293762207,
      0.0,
      0.0,
      200.85214233398438,
      505.1885986328125,
      4.5,
      4.5,
      5.0,
      0.16765038669109344,
      0.777584969997406,
      2.450598955154419
    ],
    "predicted_motion": {
      "pos_x": -0.0343,
      "pos_y": 0.0232,
      "pos_z": -0.0589,
      "vel_x": -0.0888,
      "vel_y": 0.3449,
      "vel_z": -0.1325,
      "jerk_rms": 287.3438,
      "smoothness": 0.027,
      "speed": 1.1969
    },
    "top10_smoothness": [
      0.027,
      0.025,
      0.023,
      0.022,
      0.022,
      0.021,
      0.021,
      0.021,
      0.021,
      0.021
    ]
  }
}