{
  "sklearn": {
    "RandomForest": {
      "accuracy": 0.8475
    },
    "GradientBoosting": {
      "accuracy": 0.855
    }
  },
  "pytorch": {
    "final_train_loss": 0.005560916494578123,
    "final_val_loss": 0.005600700154900551,
    "train_losses": [
      0.013976306170225144,
      0.007902284972369672,
      0.007322222646325827,
      0.00709409398958087,
      0.006891924440860748,
      0.006682676132768393,
      0.0065843211114406585,
      0.006370211821049452,
      0.006287336852401495,
      0.006176317799836397,
      0.006174394860863686,
      0.006131588071584701,
      0.0059801924135535955,
      0.006011084225028753,
      0.005987508557736874,
      0.00595255758613348,
      0.005816920325160026,
      0.005957141816616059,
      0.006027450812980533,
      0.005859750211238861,
      0.005857717711478472,
      0.005896862242370844,
      0.005907327113673091,
      0.005979904867708683,
      0.005902152638882398,
      0.005922226179391146,
      0.005867325309664011,
      0.005806366708129645,
      0.005839130878448486,
      0.005845749285072088,
      0.005833512581884861,
      0.0057943625189363955,
      0.005908696074038744,
      0.005707754343748092,
      0.005707151815295219,
      0.005651706829667091,
      0.005747403334826231,
      0.005745141878724098,
      0.005713422186672688,
      0.005735306665301323,
      0.005635444596409797,
      0.005669449847191572,
      0.005660720653831958,
      0.0056317619048058985,
      0.005609962157905102,
      0.0056443484872579575,
      0.005537665206938982,
      0.0055250640958547596,
      0.005562978088855744,
      0.005560916494578123
    ],
    "val_losses": [
      0.008166840299963951,
      0.006966708227992058,
      0.006782697048038244,
      0.006650720722973347,
      0.006501025054603815,
      0.006363821215927601,
      0.0062886797823011875,
      0.0061545781791210175,
      0.006047868635505438,
      0.006041435059159994,
      0.006018334534019232,
      0.005914649926126003,
      0.005999477114528418,
      0.00597922271117568,
      0.0059860944747924805,
      0.00591955054551363,
      0.00590816605836153,
      0.005971127655357122,
      0.005878307390958071,
      0.005897799506783485,
      0.005925257224589586,
      0.0058014607056975365,
      0.0059936679899692535,
      0.005813299212604761,
      0.005914358887821436,
      0.005788854788988829,
      0.005856102332472801,
      0.005808996967971325,
      0.005837410222738981,
      0.005883817095309496,
      0.00584321329370141,
      0.005804713349789381,
      0.005774232093244791,
      0.00583278015255928,
      0.0057920594699680805,
      0.005733422469347715,
      0.00574481301009655,
      0.005777680780738592,
      0.005733998492360115,
      0.005702907219529152,
      0.005697255022823811,
      0.0056837983429431915,
      0.005647739861160517,
      0.005735872313380241,
      0.005650380160659552,
      0.005610672291368246,
      0.005648172926157713,
      0.005574915558099747,
      0.005650677718222141,
      0.005600700154900551
    ],
    "device": "cpu"
  }
}