{
  "sklearn": {
    "RandomForest": {
      "accuracy": 0.8863636363636364
    },
    "GradientBoosting": {
      "accuracy": 0.8863636363636364
    }
  },
  "pytorch": {
    "final_train_loss": 0.004327565614533212,
    "final_val_loss": 0.004545705858618021,
    "train_losses": [
      0.024612263776361942,
      0.018044317872928723,
      0.01056620285713247,
      0.006979257167716112,
      0.006205261684954166,
      0.0060581734869629145,
      0.005771256185003689,
      0.005599658803216049,
      0.00536035220803959,
      0.005402856972068548,
      0.005288412195763418,
      0.005302793180037822,
      0.005313897089633558,
      0.005210657071854387,
      0.005270614222224269,
      0.005089783292662885,
      0.005100814060174993,
      0.005034612724557519,
      0.0051345134686146465,
      0.004891445394605398,
      0.004982383156727467,
      0.005029437730887106,
      0.00510282235752259,
      0.004909912490152887,
      0.0049601116749857154,
      0.004603105131536722,
      0.004768722823687962,
      0.0047083451146526,
      0.004729850167807724,
      0.004708169360778162,
      0.004564590885170868,
      0.004717453416170818,
      0.004658485313744417,
      0.0047434180908437285,
      0.004523907355698091,
      0.004453928010272128,
      0.0044593081277396,
      0.004379228073438364,
      0.004483530081675521,
      0.004497594100290111,
      0.004416991989793522,
      0.004532422072121075,
      0.004521866279122021,
      0.004460946823071156,
      0.004359011105926973,
      0.004535122624864536,
      0.004466580875617053,
      0.00440055294893682,
      0.004285346267611853,
      0.004327565614533212
    ],
    "val_losses": [
      0.022964976727962494,
      0.014959868974983692,
      0.007130663841962814,
      0.005374139174818993,
      0.005279038101434708,
      0.005083058029413223,
      0.004899294581264257,
      0.0049268994480371475,
      0.004800150636583567,
      0.0047478144988417625,
      0.004805527627468109,
      0.0047541274689137936,
      0.00468054786324501,
      0.00467420369386673,
      0.004844699054956436,
      0.004640668164938688,
      0.00465044379234314,
      0.004534497857093811,
      0.004668576177209616,
      0.0045723579823970795,
      0.004558045417070389,
      0.0045358263887465,
      0.004687545355409384,
      0.004522929433733225,
      0.004624624736607075,
      0.004404833074659109,
      0.004566310904920101,
      0.004480248317122459,
      0.004590194672346115,
      0.004500444047152996,
      0.004478342365473509,
      0.004525531083345413,
      0.00456565385684371,
      0.004551898688077927,
      0.004435013514012098,
      0.004485738929361105,
      0.004533959086984396,
      0.004455615766346455,
      0.004504362121224403,
      0.004554507322609425,
      0.004524872172623873,
      0.004547004587948322,
      0.0045345239341259,
      0.00439689215272665,
      0.004416277632117271,
      0.004474238026887178,
      0.0044081564992666245,
      0.004444258753210306,
      0.004290437791496515,
      0.004545705858618021
    ],
    "device": "cpu"
  }
}